{
  "K": 3,
  "V": 1,
  "pi": [
    0.288086914325818,
    0.13573192505724851,
    0.5761811606169336
  ],
  "A": [
    [
      0.3333333333333333,
      0.3333333333333333,
      0.3333333333333333
    ],
    [
      0.3333333333333333,
      0.3333333333333333,
      0.3333333333333333
    ],
    [
      0.3333333333333333,
      0.3333333333333333,
      0.3333333333333333
    ]
  ],
  "B": [
    [
      1.0
    ],
    [
      1.0
    ],
    [
      1.0
    ]
  ],
  "vocab": {
    "screen->screen|suffering-detection  int|user clicked on sufferin": 0
  }
}