{
  "K": 5,
  "V": 6,
  "pi": [
    0.996011924491014,
    0.0009950251256587777,
    0.0009961789948422877,
    0.0009950253809917356,
    0.0010018460074932083
  ],
  "A": [
    [
      0.0009950337879173312,
      0.9960197633964245,
      0.0009950354687953927,
      0.0009950386684086108,
      0.0009951286784540372
    ],
    [
      0.0004992516936492786,
      0.0004990029620804439,
      0.0004993320058705212,
      0.9980001169887999,
      0.0005022963495997835
    ],
    [
      0.0011472017177103456,
      0.9954110546000183,
      0.0011472044404575341,
      0.0011472118345451276,
      0.0011473274072686926
    ],
    [
      0.000996027682372983,
      0.000995026218528558,
      0.8633718006578069,
      0.0009950284073460428,
      0.1336421170339455
    ],
    [
      0.00722976726608611,
      0.9710774113588583,
      0.007230128060546057,
      0.007231832483485258,
      0.007230860831024382
    ]
  ],
  "B": [
    [
      0.9950277859680612,
      0.000994043687162799,
      0.0009940436542868654,
      0.0009950434878091058,
      0.0009940495184921857,
      0.0009950336841881237
    ],
    [
      0.0004985045652200793,
      0.4990028935178317,
      0.0004985046943483873,
      0.0004985045683102537,
      0.49900282173004096,
      0.0004987709242485705
    ],
    [
      0.001147210097182867,
      0.0011458840665513584,
      0.0011458840202564304,
      0.9942679170637796,
      0.0011458922840082864,
      0.0011472124682214509
    ],
    [
      0.0004985071746619738,
      0.0004985074331817417,
      0.49900537830638736,
      0.0004985071778040644,
      0.0004985117327200653,
      0.49900058817524495
    ],
    [
      0.007226684575670277,
      0.007178172903866636,
      0.0071781657948552175,
      0.9640100945332294,
      0.007179051024964752,
      0.007227831167413628
    ]
  ],
  "vocab": {
    "screen->cancel button|cancel|clicked cancel button": 0,
    "cancel button->file menu|file menu|clicked file menu": 1,
    "file menu->save button|save|clicked save button": 2,
    "save button->minimize button|test.txt|clicked minimize button": 3,
    "minimize button->close button|test.txt|clicked close button": 4,
    "close button->screen|suffering-detection |clicked suffering-detection ": 5
  }
}