{
  "K": 8,
  "V": 18,
  "pi": [
    0.0002495151132848312,
    0.00024950261045305787,
    0.0002495632449726744,
    0.0002497647968777869,
    0.9982529537283872,
    0.00024951611473666204,
    0.0002496378637413699,
    0.0002495465275466019
  ],
  "A": [
    [
      9.087970580403461e-05,
      0.18769228885475872,
      9.092595271024411e-05,
      0.08032438852567338,
      9.094305448651609e-05,
      0.73147357096555,
      9.159758646066013e-05,
      0.0001454053545564278
    ],
    [
      0.0009987146131305454,
      0.0009920473052454017,
      0.000996550398715355,
      0.000992257787438814,
      0.000992165776196198,
      0.0009921652772549548,
      0.9930436553343976,
      0.0009924435076211764
    ],
    [
      0.001978878392307632,
      0.0004975849946344487,
      0.0004988516883153171,
      0.4975280295149105,
      0.0004973469823185785,
      0.4979990214578802,
      0.0005015319301619702,
      0.0004987550394715034
    ],
    [
      0.000999909210365286,
      0.0009920214182721127,
      0.0009960320303706125,
      0.0009920238929349626,
      0.0009921698311754195,
      0.0009995074529188005,
      0.000995324479623661,
      0.9930330116843391
    ],
    [
      0.000288929669332191,
      0.00024950412350680987,
      0.4997647025410407,
      0.0002495029589593693,
      0.0002495203875283493,
      0.0004982449206620359,
      0.00025024029301639006,
      0.4984493551059541
    ],
    [
      0.9990655192397048,
      0.00011108638960255914,
      0.0002677900063846394,
      0.00011111454334567926,
      0.00011105359748594532,
      0.00011104443756417176,
      0.00011117984678101124,
      0.00011121193913133519
    ],
    [
      0.990997535115762,
      0.0009926216973310128,
      0.002408452629625688,
      0.0009926791137109922,
      0.0009923342918257267,
      0.0009921986505132846,
      0.0009931993885401165,
      0.0016309791126911026
    ],
    [
      0.9972805717699846,
      0.00033306466545286945,
      0.000454945003199398,
      0.0005997300064084296,
      0.0003327752023489988,
      0.0003333034393033817,
      0.0003327408196034691,
      0.0003328690936990242
    ]
  ],
  "B": [
    [
      7.68432826138812e-05,
      0.8450202240519085,
      0.07691309688458511,
      7.68389551002147e-05,
      7.683894283924565e-05,
      7.683893940129269e-05,
      7.68500702235072e-05,
      7.683894302942786e-05,
      7.683894383668813e-05,
      7.68644524553523e-05,
      7.68389391617561e-05,
      7.684912169348291e-05,
      7.683897478290293e-05,
      7.683935800268834e-05,
      0.07691404330650879,
      7.683893941143387e-05,
      7.683895489635539e-05,
      7.683893954924343e-05
    ],
    [
      0.0004801233384475715,
      0.0004803997753995592,
      0.00048017579436150274,
      0.00048087532976557825,
      0.00048087449650266505,
      0.00048066204050405755,
      0.96018708748618,
      0.00048012202814358944,
      0.0004824141389071093,
      0.03211782421517527,
      0.00048012175177560484,
      0.0004801258940519513,
      0.00048012421628552217,
      0.00048770122435335577,
      0.0004804609744157235,
      0.00048012187781335794,
      0.00048012228234558017,
      0.0004806631355716151
    ],
    [
      0.0004943701709259824,
      0.49734455048719545,
      0.0004968665574178704,
      0.0004942483948900751,
      0.0004961800588143025,
      0.0004942481671961282,
      0.0004943711305282754,
      0.0004942483352920609,
      0.0004942486149298494,
      0.0004944958873024676,
      0.0004942478674610079,
      0.4947415701939775,
      0.0004942524673531534,
      0.0004942493235403819,
      0.0004951068063041823,
      0.0004942481307507173,
      0.0004942492379978368,
      0.0004942481681230133
    ],
    [
      0.0005263628963640406,
      0.0005268432744424607,
      0.0005411993371420679,
      0.000526291348808336,
      0.0005262602716143263,
      0.0005262745888492891,
      0.0006863959910791702,
      0.000525919571658413,
      0.0005277969477777164,
      0.9908737951594283,
      0.0005258092148494278,
      0.0005258109059953021,
      0.0005298041204326782,
      0.0005272782065949595,
      0.0005262169885828806,
      0.0005258098094846223,
      0.0005258099918025901,
      0.0005263213750933685
    ],
    [
      0.49800854947084244,
      0.00024898174432473494,
      0.00024888242632382105,
      0.0002488948559563898,
      0.0002489128374274982,
      0.000248880104007111,
      0.00024891130041229984,
      0.0002489110707794091,
      0.0002489937774454272,
      0.0002489881583710633,
      0.2491288828836393,
      0.0002488802566535045,
      0.00024899264975633605,
      0.0002488804038933978,
      0.00024897088153083097,
      0.24912868949269373,
      0.00024891752566468716,
      0.0002488801602779879
    ],
    [
      0.00011025668117195997,
      0.00011030768144764228,
      0.00011027491244911793,
      0.11036401590256277,
      0.33092379591881105,
      0.11036652018619289,
      0.00019944045751145938,
      0.00011026910617462538,
      0.11036574723988728,
      0.005692107166754559,
      0.00011025668574720595,
      0.00011025667917805932,
      0.11036471600741295,
      0.11036469115785327,
      0.00011027476023327722,
      0.00011026333423679789,
      0.00011029644049030415,
      0.11036650968188474
    ],
    [
      0.0009822836999809636,
      0.000984923643285936,
      0.000982298061776564,
      0.0009835317276791667,
      0.0009848279598668448,
      0.0009833683620153774,
      0.0009827711008493346,
      0.9832606907373365,
      0.0009833760271541767,
      0.0009832690656104912,
      0.0009822843964900738,
      0.0009822812669182687,
      0.0009911159219055219,
      0.0009833755922200444,
      0.0009980674130371295,
      0.0009828086088690248,
      0.000985355900188619,
      0.0009833705148156778
    ],
    [
      0.000331558383314054,
      0.3313712853617081,
      0.0003315589563108958,
      0.00033905411612422464,
      0.3317559284429569,
      0.00033175623750972125,
      0.0003316470402120608,
      0.00033170487474074066,
      0.00033175635850695774,
      0.00033173665975125673,
      0.0003315583921722574,
      0.00033170850874619687,
      0.000332559387724904,
      0.0003317570646004696,
      0.0003324659605441581,
      0.0003316184526455002,
      0.331888589037925,
      0.0003317567645067031
    ]
  ],
  "vocab": {
    "screen->menu|notepad|user clicked file menu": 0,
    "menu->menu|menu item|user clicked menu item": 1,
    "menu->action|cancel|user clicked cancel butt": 2,
    "action->menu|notepad|user clicked edit menu": 3,
    "menu->menu|notepad|user clicked edit menu": 4,
    "menu->menu|notepad|user clicked help menu": 5,
    "menu->action|ok|user clicked ok button": 6,
    "action->menu|notepad|user clicked file menu": 7,
    "menu->menu|notepad|user clicked file menu": 8,
    "menu->action|save|user clicked save button": 9,
    "screen->action|notepad - c:/mac/home/de|user clicked minimize bu": 10,
    "action->action|python 3.10 64-bit - 1 r|user clicked python 3.10": 11,
    "action->menu|notepad - c:/mac/home/de|user clicked file menu": 12,
    "menu->action|notepad - new file|user clicked maximize bu": 13,
    "action->action|notepad - new file|user clicked restore but": 14,
    "screen->menu|notepad - new file|user clicked file menu": 15,
    "action->menu|notepad - c:/mac/home/de|user clicked edit menu": 16,
    "menu->menu|notepad - c:/mac/home/de|user clicked help menu": 17
  }
}